date,ALL.Download,ALL.Upload,zona 1.Download,zona 1.Upload,zona 10.Download,zona 10.Upload,zona 2.Download,zona 2.Upload,zona 3.Download,zona 3.Upload,zona 4.Download,zona 4.Upload,zona 5.Download,zona 5.Upload,zona 6.Download,zona 6.Upload,zona 7.Download,zona 7.Upload,zona 8.Download,zona 8.Upload,zona 9.Download,zona 9.Upload
2019/07/09,523932.37316799164,65683.1996717453,49429.07945728302,11578.387370109558,75028.78394317627,8355.04653930664,32691.69212245941,5271.23853969574,66100.18224906921,9139.848605155945,47322.66934108734,4611.805444717407,34637.84048175812,2149.7917222976685,48173.12941074371,5720.412884712219,61494.54942512512,7379.738257408142,54257.65886878967,6831.97657585144,54796.787868499756,4644.95373249054
2019/07/08,486151.9187717438,58162.24854373932,47646.21557426453,9961.063014030457,70724.29778385162,7094.448687553406,32071.042204856873,5196.94459438324,67713.33815383911,8938.148790359497,45803.18306732178,4612.365126609802,32499.740003585815,2140.0678701400757,43929.527893066406,6683.947103500366,48010.2701625824,4447.109670639038,51080.91426181793,4755.819722175598,46673.38966655731,4332.333964347839
2019/07/07,466060.2573976517,61346.5936088562,39752.38984870911,10257.003555297852,77677.33107089996,7607.01896572113,44620.92725753784,4355.682126045227,61513.21511363983,8206.522933959961,44568.30607032776,6012.327944755554,26621.5461101532,2703.698760032654,39931.30622959137,4331.50656414032,44152.34921550751,4147.715908050537,46510.336528778076,9299.324595451355,40712.54995250702,4425.792255401611
2019/07/06,494356.658370018,59734.786620140076,49647.064202308655,11413.390041351318,79841.89957046509,7566.895095825195,45148.3992433548,5352.481984138489,69835.63449859619,10978.257546424866,50231.32899475098,4146.689740180969,28737.12425327301,2619.3288383483887,41165.22380447388,5473.674512863159,41162.41993141174,3913.499632835388,48881.93296432495,4247.870043754578,39705.630907058716,4022.6991844177246
2019/07/05,535850.9478464127,64590.94963359833,43020.202962875366,12094.142162322998,84295.7270078659,9287.167704582214,41999.08207607269,5140.588797569275,72500.44484043121,8345.396403312683,51060.70658016205,4389.8076248168945,35259.149373054504,3132.507167816162,38211.79874610901,6474.29333114624,52945.96953582764,5198.709726333618,60640.52341270447,5655.70508480072,55917.343311309814,4872.631630897522
2019/07/04,510713.0443353653,65917.21360588074,52440.861285209656,12445.17928314209,81261.25227069855,8809.862224578857,37670.13088321686,3921.811815261841,67914.10501003265,10794.818307876587,44412.15721988678,4830.238036155701,34069.8930273056,3341.2068614959717,39648.0504283905,7360.817482948303,45405.8168296814,4312.821650505066,54389.262919425964,5604.620503425598,53501.514461517334,4495.837440490723
2019/07/03,450432.72154426575,54237.39812088013,44434.92115974426,11037.211559295654,67287.29844284058,8147.029680252075,32328.101725578308,3823.793643951416,57250.76949882507,8212.505270004272,45585.05340862274,2977.229072570801,37063.20832824707,2725.9609928131104,33865.216512680054,4161.884930610657,46291.07175445557,3651.3037328720093,50583.788972854614,6429.936309814453,35743.29174041748,3070.5429286956787
2019/07/02,545825.1915531158,69237.96348762512,51349.75431346893,11322.682178497314,73212.51065540314,7294.896293640137,45660.798117637634,4391.477967262268,77319.540143013,10318.800448417664,51386.250719070435,6025.311589241028,34511.856751441956,4308.609994888306,44158.51323413849,6125.1013469696045,61326.95184326172,7004.6206731796265,63915.57808589935,6799.154567718506,42983.43768978119,5647.308427810669
2019/07/01,512662.2306699753,57781.66564941406,47819.38955783844,9309.53318309784,85516.4979763031,10016.254413604736,42648.8465423584,4054.733711242676,75604.83359527588,7415.698029518127,37055.69778060913,3353.2152795791626,33462.4447517395,2886.9868669509888,41958.8903427124,6587.478909492493,51379.90265464783,3897.137231826782,59396.49897193909,5528.032195091248,37819.228496551514,4732.59582901001
2019/06/30,485400.59529685974,56765.49700641632,45507.84011363983,11259.24165725708,79759.73897838593,8615.93207359314,35265.75639629364,2145.267032623291,64697.53658866882,9147.398216247559,52794.310832977295,4361.979460716248,22955.581645011902,2608.079111099243,56674.209104537964,7058.38000869751,35404.761063575745,3511.157910346985,43440.50210952759,4102.548727989197,48900.35846424103,3955.5128078460693
2019/06/29,533932.9478845596,74478.72155380249,68200.31273841858,12749.555976867676,81177.97420787811,10081.669419288635,43707.64320755005,5687.916759490967,78459.46170425415,18920.65075111389,52191.05415058136,4128.720931053162,26821.84181690216,2150.69614982605,44862.32677936554,7149.711862564087,52982.60753154755,3225.686116218567,40150.71208381653,5266.661884307861,45379.013664245605,5117.451703071594
2019/06/28,522593.6017417908,60270.33123588562,45206.004262924194,10566.65777683258,93705.41101264954,11405.700640678406,40310.48784637451,4926.975173950195,71057.74736309052,8726.798590660095,49341.67119503021,3498.209282875061,17688.552934646606,1257.7487869262695,50083.072377204895,7471.640779495239,54638.10231304169,4562.049839019775,50239.19552612305,4106.0830726623535,50323.35691070557,3748.4672927856445
2019/06/27,505868.0941057205,57734.6789598465,48608.791546821594,8380.612260818481,86055.2474975586,8531.727994918823,44986.77679634094,6727.499798774719,79595.60202980042,8590.412317276001,41243.957176208496,3277.972068786621,17408.405011177063,1776.8804912567139,50265.27334403992,7600.752564430237,55201.543058395386,4562.459000587463,37138.5561914444,4939.876486778259,45363.941453933716,3346.4859762191772
2019/06/26,523605.870221138,60681.7184677124,45587.26165485382,8409.981204986572,99022.32747459412,9888.232398033142,43252.37218952179,4360.1793966293335,76597.25481033325,9354.463851928711,41050.86818885803,3906.57901096344,31100.848119735718,2938.8166456222534,48125.16675376892,5261.206322669983,46712.43566608429,5254.520523071289,43692.67692947388,7604.583983421326,48464.658433914185,3703.1551303863525
2019/06/25,525627.6915903091,64437.97679710388,48176.89585494995,11517.164988517761,90729.72031211853,11064.009486198425,37326.57017612457,9033.957858085632,77631.0886926651,7881.933473587036,59857.81740951538,3833.3971252441406,17972.729962348938,2447.57830619812,41865.676312446594,5518.002913475037,60105.33917140961,3925.759945869446,48450.75475978851,4993.5915813446045,43511.098938941956,4222.581118583679
2019/06/24,511715.18242263794,59563.411809921265,50468.88644504547,11926.711179733276,82017.35869312286,7443.755928993225,48239.482213020325,4840.184458732605,71530.42369747162,7280.957186698914,52273.185567855835,4186.477689743042,16430.976897239685,1727.2529020309448,49308.72218513489,6790.651006698608,47496.02766227722,4742.669606208801,43668.12521934509,4375.33650302887,50281.99384212494,6249.4153480529785
2019/06/23,517226.2907066345,69185.57977581024,47389.55953025818,18725.50718021393,88060.56814098358,8695.500499725342,41357.0751209259,4607.265655517578,72268.04218769073,8674.340742111206,50213.05567073822,6873.480493545532,19753.45664691925,2525.0577154159546,48515.71295928955,6558.94379234314,48233.35465526581,4048.234619140625,43446.72593021393,3466.9376850128174,57988.739864349365,5010.311392784119
2019/06/22,466767.71031856537,63268.27788925171,47012.18327331543,15127.502298355103,82987.42101097107,9165.96572303772,30725.3546667099,3466.1401386260986,65670.05481147766,8276.578598976135,49142.20981884003,3973.4133262634277,18303.115898132324,1680.3907690048218,49596.34018802643,7796.328363418579,43001.128792762756,3409.1967964172363,31060.131645202637,5653.4697942733765,49269.770213127136,4719.292080879211
2019/06/21,540508.4240036011,62386.63847064972,48832.93190383911,13174.896306037903,105837.74765586853,9086.84063243866,44751.16226768494,4604.632112503052,75262.33124351501,7451.8705224990845,56195.10997390747,6531.89243221283,22741.202160835266,1900.7418279647827,55816.13373374939,6142.787530899048,44865.65319919586,2950.1438875198364,36492.31204414368,4408.85200881958,49713.83982086182,6133.981209754944
2019/06/20,511694.5351610184,66733.07191371918,52596.04734039307,10557.738512992859,88508.94234848022,9124.033705711365,38876.42569351196,8626.756551742554,69585.60363578796,10453.846192359924,43630.76066684723,3691.753393173218,25387.43366241455,2524.496367454529,48631.94311237335,8609.14744091034,40895.30077266693,2902.9079236984253,44060.457770347595,4296.433878898621,59521.620158195496,5945.957946777344
2019/06/19,529379.2436065674,56138.42327785492,46519.383558273315,9183.167275428772,78125.77244758606,8079.780391693115,44208.42549228668,3327.1997928619385,83049.38255691528,9321.941439628601,41350.71728229523,3350.231212615967,33027.301919937134,1934.8896970748901,57076.31345844269,6957.352681159973,47484.16427516937,3262.886859893799,39206.88331699371,5065.152039527893,59330.89929866791,5655.821887969971
2019/06/18,528070.2212543488,60450.94133281708,46161.20477390289,11045.019848823547,92266.33974647522,9200.897956848145,47955.33559036255,5747.0633726119995,78998.21064472198,8797.78059387207,43828.53414154053,3334.464545249939,22977.53924846649,1786.346040725708,46083.35527801514,5427.491060256958,53013.48305988312,4223.950553894043,46469.20574569702,5051.927567481995,50317.01302528381,5835.999793052673
2019/06/17,526311.57284832,70346.13746261597,45107.86790370941,10237.891880989075,89388.9178571701,12625.77502822876,54022.73222446442,7148.280388832092,78785.78599071503,10457.950095176697,49845.90435218811,3652.106470108032,25776.25110721588,2373.7469062805176,53814.222573280334,8376.337497711182,41607.90327835083,4103.112842559814,44682.821135520935,6170.660888671875,43279.166425704956,5200.275464057922
2019/06/16,486011.7702770233,62069.68643951416,44700.23375415802,9726.583993911743,90260.37238025665,9852.698551177979,40004.46375465393,6135.638526916504,65857.42014980316,7936.096737861633,47617.28485774994,5155.794146537781,24693.203679084778,1797.4771308898926,52364.769121170044,6937.843729972839,42910.6137714386,3718.531520843506,37914.955183029175,5296.872666358948,39688.453625679016,5512.149435043335
2019/06/15,513113.6107225418,64492.84667015076,50968.61408042908,11838.417419433594,84109.93075370789,8811.134568214417,41041.3363571167,3502.2506561279297,80050.02810668945,8277.166155815125,50910.18593406677,3438.033745765686,27452.83975791931,2073.8898487091064,49923.574482917786,8345.933813095093,38308.34448051453,5832.310969352722,45939.348326683044,4844.681097984314,44409.40844249725,7529.028395652771
2019/06/14,548131.6293563843,68424.12454128265,48783.09975528717,10805.49008846283,93769.19942855835,10040.045251846313,43336.74524974823,6413.637026786804,87492.53774738312,9907.06263256073,40267.23652076721,5820.295289993286,28272.230228424072,2401.450976371765,61726.675340652466,7037.432334899902,54787.57851982117,5649.970911979675,43355.2627325058,5203.793801307678,46341.063833236694,5144.946227073669
2019/06/13,556772.724486351,65040.27565765381,54245.718185424805,12597.430426597595,102570.77074337006,8468.2210521698,40564.367263793945,4245.4527759552,81950.35007572174,10772.178011894226,54237.50600337982,4998.378391265869,27081.82817840576,2029.6702165603638,58517.90289783478,7036.1752462387085,53603.3756980896,4443.253551483154,32776.50987529755,3754.9359493255615,51224.39556503296,6694.58003616333
2019/06/12,541206.8040962219,66292.96520423889,47018.88040447235,10585.631341934204,91398.72334575653,8105.64359664917,43998.11906337738,5173.325245857239,86509.73345947266,11440.788219451904,45104.096881866455,3998.8251094818115,39717.4240026474,5786.2237157821655,57153.60034275055,7161.9271812438965,44870.41473579407,3407.8986377716064,38070.487854003906,5591.467947006226,47365.32400608063,5041.234209060669
2019/06/11,519418.3422050476,63555.585636138916,51792.61263370514,12868.513313293457,99556.11251449585,9196.006143569946,35738.5524892807,4962.950846672058,81433.31513786316,8372.666007041931,40067.14932823181,3719.768000602722,27102.00922012329,2507.8935737609863,48313.448625564575,7334.327880859375,43304.07968044281,3215.112151145935,50315.307973861694,7099.803582191467,41795.75460147858,4278.544137001038
2019/06/10,471391.5165300369,60950.12076187134,42383.424966812134,12564.784154891968,81712.98187541962,7040.029895782471,42640.95593738556,3945.947407722473,70505.78462219238,9656.626532554626,38384.56855964661,4753.069020271301,22678.072812080383,2840.026412963867,46831.31977367401,5723.501556396484,38696.974984169006,2850.0192098617554,54712.102345466614,7299.649545669556,32845.33065319061,4276.467025756836
2019/06/09,490483.7481946945,76319.73690128326,48063.308033943176,16659.640214920044,78720.77419948578,10162.589367866516,44875.09343910217,5794.122463226318,67989.69553661346,10468.446961402893,54594.30314826965,5886.728967666626,21690.363327026367,2287.2867918014526,56819.017391204834,7167.365931510925,39379.314480781555,6841.084983825684,41361.991693496704,6972.675127983093,36989.88694477081,4079.796091079712
2019/06/08,519323.07896232605,75825.58430099487,56879.48914909363,15806.37995147705,89367.4189748764,9635.821474075317,41255.77946662903,4563.037494659424,77200.8156452179,9976.846101760864,49803.83395385742,5372.127062797546,22139.34850025177,3302.977147102356,64394.36706542969,9188.89437866211,32322.53406238556,5582.425050735474,48126.349449157715,8493.856609344482,37833.14269542694,3903.219030380249
2019/06/07,504359.24817276,70552.4990606308,56673.00762462616,12865.502769470215,85122.29630661011,8651.27462387085,39006.36626911163,5306.387765884399,80381.80382156372,15121.19052696228,43792.04281139374,4833.470754623413,23692.094297409058,2515.8319597244263,53102.58643436432,5824.856019973755,44094.090806007385,4684.130310058594,41436.10019874573,6093.540465354919,37058.85960292816,4656.313864707947
2019/06/06,411126.4994239807,56614.13492488861,47258.708921432495,11624.694839477539,69047.12274837494,6447.557535171509,24198.23205757141,4514.279708862305,62328.03481197357,8684.913955688477,37043.03048992157,3289.4317770004272,24607.99941635132,2123.5116062164307,41312.160840034485,7288.530351638794,33295.20006942749,3279.950213432312,35857.84932613373,4159.661487579346,36178.160742759705,5201.603449821472
2019/06/05,452659.61439991,62985.745593070984,48583.8450717926,11323.954387664795,74294.68398094177,8342.606014251709,31486.058121681213,3698.7279720306396,62571.56066799164,7278.562383651733,38263.41917324066,6466.221714019775,20168.780924797058,3937.6866035461426,54851.936287879944,7147.980175971985,35946.07359313965,4154.516300201416,45065.7660112381,4445.081213951111,41427.49056720734,6190.408827781677
2019/06/04,491153.93437099457,64775.123143196106,50304.29685878754,10569.756920814514,91340.99598312378,9015.86676120758,32826.796469688416,6481.5678358078,78940.10126018524,9385.769395828247,44644.04217815399,4786.677527427673,24156.968512535095,2398.291925430298,50351.370188713074,6552.6499490737915,28697.191354751587,4413.046610832214,46920.401819229126,4742.045937538147,42971.76974582672,6429.45027923584
2019/06/03,483337.54983329773,59523.132402420044,47846.34907436371,12223.9491147995,86400.0947713852,8446.268918991089,34899.77520751953,3182.5326528549194,74335.65781497955,8865.169603347778,42797.773471832275,5923.822023391724,19732.912623405457,2558.528331756592,50644.49621009827,5401.854887962341,38046.93842601776,3613.759192466736,53015.59381866455,5539.230621337891,35617.95841503143,3768.0170555114746
2019/06/02,515311.5180969238,71672.09282970428,51842.521845817566,14600.26232624054,91586.79448986053,9464.106617927551,35976.174860954285,4695.206458091736,68958.68934726715,7971.740077018738,51932.44209194183,7771.00509262085,21127.521781921387,2791.700026512146,57525.677042007446,8717.817359924316,38423.176431655884,3088.945689201355,53048.01668834686,5924.4218282699585,44890.50351715088,6646.887353897095
2019/06/01,521390.5010519028,77639.15248394012,61479.36379241943,17623.25070953369,91077.44239139557,11650.459837913513,37267.59674549103,4188.910252571106,82088.25449848175,11749.99980354309,47939.73630523682,4363.348026275635,16668.547611236572,2073.8558263778687,55265.81138038635,9106.510803222656,39573.48404216766,4102.690837860107,46969.88732910156,5321.955318450928,43060.37695598602,7458.171068191528
2019/05/31,530758.1030654907,71776.39877128601,62269.22695827484,15352.93516921997,95218.39754104614,11152.886271476746,42117.58192443848,3722.2084674835205,85191.51594257355,14214.343413352966,43331.25476837158,4244.377390861511,19247.665744781494,2229.011972427368,55989.11205863953,7855.229691505432,40953.23641586304,3642.732364654541,48177.72907066345,5688.630298614502,38262.38264083862,3674.043731689453
2019/05/30,510149.4410972595,69568.26105594635,58014.83678531647,15064.587532997131,76842.76378536224,8971.186212539673,36917.805846214294,5210.390294075012,77469.95374393463,9094.816383361816,53258.031995773315,6958.052229881287,24010.446637153625,1857.635521888733,59050.80626010895,7478.968406677246,36701.41868686676,3450.3668212890625,53682.66951942444,6946.258675575256,34200.7078371048,4535.998977661133
2019/05/29,486662.13822746277,58707.69473361969,43234.56964111328,10458.979692459106,85360.5122127533,6862.1027002334595,32089.737389564514,4463.2613916397095,79657.40173721313,10696.023741722107,46694.179443359375,4312.165323257446,26023.46262073517,2355.328811645508,51871.76338100433,7924.636631011963,31153.73973083496,2803.651008605957,47660.38401222229,5171.598412513733,42916.388058662415,3659.9470205307007
2019/05/28,427427.6885032654,55079.11564159393,43996.62114524841,9785.47952079773,64923.33765220642,9344.89176273346,34846.92345237732,3398.610472679138,62484.38758850098,8651.401730537415,37852.38711261749,4402.90701007843,32540.988264083862,2483.9606161117554,50515.34250354767,5777.873704910278,31432.568103790283,3401.932785987854,34458.0524892807,4269.4784688949585,34377.080191612244,3562.579568862915
2019/05/27,412520.2622747421,59119.40693473816,49007.220905303955,20116.17760181427,58122.16349697113,5880.020998001099,31187.110438346863,2681.097755432129,61633.941281318665,7443.736367225647,37741.53328227997,3623.6058769226074,15566.339440345764,1618.2443017959595,52873.86992931366,4679.328062057495,37596.25897502899,3011.701828956604,37508.604961395264,7358.755256652832,31283.219564437866,2706.7388858795166
2019/05/26,478185.78571510315,70597.72103500366,52762.7021856308,15476.205623626709,72652.56421947479,9823.971321105957,31674.577466011047,4528.122398376465,67213.49921607971,9692.862114906311,52316.9048500061,3909.759928703308,19445.029379844666,1920.0554304122925,56031.14753341675,7920.577753067017,41552.3252620697,7207.846842765808,36632.168751716614,6160.467712402344,47904.866850852966,3957.851909637451
2019/05/25,362387.6661090851,46409.24222278595,43516.349197387695,10198.403433799744,52518.19164943695,7099.519381523132,29457.471284866333,4088.733256340027,48071.091943740845,5867.230875968933,43891.8136177063,3865.025547981262,18029.307156562805,1052.0539054870605,41826.799966812134,5719.8420152664185,28952.318831443787,3334.8017206192017,28063.387766838074,2660.5206756591797,28060.93469429016,2523.111410140991
2019/05/24,509565.02120018005,62090.24012565613,57498.35345745087,13374.007278442383,80391.9968175888,8707.751313209534,43597.04575252533,5136.542981147766,73292.9379529953,8131.2283725738525,51169.879541397095,5233.902912139893,18147.255789756775,1261.8240385055542,63497.72201061249,6339.129030227661,37213.97377681732,3064.842022895813,42524.85421085358,5315.657485961914,42231.001890182495,5525.354690551758
2019/05/23,486457.38973617554,65810.28237056732,51550.14372444153,13273.583218574524,75214.7652835846,9339.985100746155,38002.90524768829,5447.948192596436,67343.80918693542,8517.267058372498,47659.58667087555,4675.162328720093,26728.26452732086,2381.945520401001,56389.11790847778,8108.864977836609,38033.20319080353,5482.26713848114,48098.60546684265,4827.999979972839,37436.98852920532,3755.258854866028
2019/05/22,450983.44516563416,60968.02530479431,43318.95991897583,8412.848194122314,80614.02324390411,9276.688323020935,39251.53580284119,6452.072455406189,63156.82187271118,7159.659229278564,48245.924379348755,5565.811182022095,22055.04484653473,2391.153350830078,50443.32499885559,6301.415933609009,35111.81278133392,5615.95020198822,30262.666306495667,5338.12924861908,38523.33101463318,4454.297185897827
2019/05/21,479145.3260240555,63520.20150947571,47619.39372062683,11174.090692520142,66800.24299812317,9135.31618309021,43007.570366859436,7578.009767532349,64283.80310630798,8608.507068634033,43483.90007209778,3831.7114267349243,29398.17276096344,3063.6098136901855,54304.04450416565,6972.198769569397,42988.90397930145,5395.971173286438,47620.23469543457,4610.589242935181,39639.05982017517,3150.197371482849
2019/05/20,418350.39370155334,50262.17008018494,38457.73199558258,7906.645995140076,55569.06055164337,7995.5657777786255,38038.30013656616,3795.4372148513794,61415.818588256836,7739.641798019409,44619.727690696716,4487.067758560181,23397.957314491272,2242.4478425979614,41139.485260009766,4393.670513153076,47869.730763435364,3770.010265350342,42209.94212627411,5138.050493240356,25632.639274597168,2793.6324214935303
2019/05/19,348804.0582809448,42395.006863594055,29460.652326583862,8786.609718322754,55699.98162937164,5736.062624931335,32666.003291130066,2907.7919483184814,43560.5775346756,5135.557173728943,36365.985713005066,3629.8402404785156,14943.598894119263,1108.619134902954,42852.10450363159,4450.742552757263,34969.4422416687,2692.3627643585205,27977.89442062378,5117.741651535034,30307.817726135254,2829.679054260254
2019/05/18,369510.38720321655,51900.17678642273,34168.201333999634,13173.02140712738,57312.92596530914,6714.707297325134,29609.20468044281,4445.347267150879,51876.39634799957,6721.763642311096,36389.17035102844,2864.6064262390137,16803.245973587036,1849.3305387496948,48709.14309310913,5160.950529098511,35674.718769073486,4117.6134605407715,34642.3696975708,4957.561266899109,24325.010991096497,1895.2749509811401
2019/05/17,423107.7227754593,54058.01686859131,38046.94714927673,8668.195099830627,63038.753761291504,10015.873847961426,35215.5584859848,5447.373304367065,64637.628913879395,5783.411527633667,40170.010190963745,4519.880394935608,17447.998472213745,1339.04860496521,48928.77308177948,4734.193088531494,45644.91607093811,5356.027112960815,43459.121457099915,4288.317894935608,26518.01519203186,3905.6959924697876
2019/05/16,500573.71330451965,67867.6555595398,55112.895223617554,11026.333918571472,75818.90258979797,7946.267262458801,37135.68655490875,6574.617748260498,74253.61045265198,11778.072180747986,44934.72235870361,4625.425614356995,31204.89686012268,3152.8182287216187,49986.8949842453,5335.1470584869385,38193.05408859253,4104.949089050293,49349.37862586975,8020.194513320923,44583.67156600952,5303.82994556427
2019/05/15,463301.6142911911,61090.850193977356,45864.51941204071,10247.306542396545,73600.95093154907,9137.219818115234,35027.79690551758,5196.2959814071655,66831.04391288757,8626.595782279968,45199.81887245178,4965.722755432129,21496.41374015808,1814.2277736663818,52536.5145072937,5589.821914672852,44370.51712989807,5841.876469612122,42120.98550701141,5371.782879829407,36253.05337238312,4300.000276565552
2019/05/14,427709.48367118835,59604.287388801575,44440.908237457275,14042.31248664856,67489.81864929199,8118.933438301086,45773.07377433777,4963.940588951111,61198.85796928406,8322.245559692383,43807.45383358002,5142.405691146851,19979.99890232086,2532.775716781616,41457.62399101257,5043.015170097351,37912.166308403015,3405.60050201416,40421.677433013916,4514.102041244507,25227.904572486877,3518.95619392395
2019/05/13,432071.7506418228,66830.8795967102,52293.544920921326,13234.253883361816,65400.44002723694,9241.602136611938,42386.8814125061,4059.571222305298,64921.1088552475,11419.170079231262,39756.350111961365,3977.8046464920044,20081.476989746094,2974.307455062866,33631.95060634613,4031.828362464905,34999.36398220062,3895.4591636657715,39619.876918792725,5286.991445541382,38980.756816864014,8709.891201972961
2019/05/12,405761.8144464493,78188.05729866028,43480.66578769684,27145.1546087265,67478.73911857605,7853.3559284210205,31609.59300136566,5760.791007041931,49829.22357749939,10379.845022201538,48806.59697341919,3969.397077560425,19023.068336486816,3179.648314476013,44444.884556770325,5720.238409042358,36488.3534450531,3347.3399906158447,33205.31642913818,5164.155511856079,31395.373220443726,5668.131428718567
2019/05/11,433200.8197116852,65831.78044128418,50895.11690711975,18842.54408454895,66705.17302131653,7634.002541542053,42697.258467674255,5474.553865432739,53721.11136341095,7338.697030067444,40480.158593177795,3866.114754676819,18431.141644477844,2412.308473587036,45659.86816883087,5478.814901351929,37482.22065162659,4105.888778686523,45248.22363471985,6162.46151638031,31880.54725933075,4516.394495010376
2019/05/10,506641.926776886,74397.56112670898,54717.926681518555,18781.423517227173,81758.92065143585,8782.8751745224,48780.77226448059,5029.625791549683,78250.9494009018,9895.434967041016,50603.39687538147,4247.942359924316,21136.74096107483,2375.421299934387,47618.741844177246,8079.072024345398,45948.76487827301,5248.934860229492,42142.964787483215,6536.9836893081665,35682.748432159424,5419.847442626953
2019/05/09,475274.160326004,66987.3910484314,45520.711336135864,12568.87031841278,80808.6359500885,8919.107759475708,36123.157616615295,9235.845495223999,71818.01997375488,8427.344997406006,42863.81537246704,3599.6288595199585,23151.875933647156,2396.7569761276245,47796.72347831726,4860.189709663391,47039.2273683548,5599.822044372559,47466.484124183655,8648.69312286377,32685.509172439575,2731.1317653656006
2019/05/08,354017.14475154877,44813.48764896393,35537.03916358948,6892.109189987183,54944.25137042999,6772.091798782349,26065.44327545166,2652.337300300598,58834.936440467834,8500.741169929504,31594.332129478455,3080.9530897140503,14159.642786026001,2586.319761276245,44991.08170127869,3955.562032699585,30487.234694480896,4269.394955635071,31767.407544136047,3616.4148178100586,25635.775646209717,2487.5635328292847
2019/05/07,473253.4441585541,63446.91382598877,48450.047167778015,12311.165936470032,72133.74018001556,10925.438488960266,43795.55653381348,7026.412703514099,78180.22811889648,7887.992027282715,42924.679142951965,5354.203288078308,16941.97885990143,1562.3340940475464,45836.74083518982,5051.736892700195,46005.0399389267,3970.1721048355103,44703.81052017212,4513.30915927887,34281.62286090851,4844.149130821228
2019/05/06,432558.66323280334,63558.84348297119,50195.609815597534,11307.566688537598,56398.32188510895,10413.591928482056,35077.950622558594,5081.583762168884,66240.35624027252,8362.14907169342,40829.124475479126,7053.523299217224,21799.301054000854,2280.250250816345,41311.769344329834,4719.305374145508,45731.241971969604,6708.407880783081,44155.786657333374,4348.9377908706665,30819.201166152954,3283.5274362564087
2019/05/05,386082.0830640793,52990.474080085754,44714.9224281311,12098.391932487488,60001.771392822266,8388.855810165405,23058.86455631256,6505.496021270752,39662.764362335205,5502.76824092865,42386.727111816406,3730.507204055786,20630.272322654724,1339.562593460083,41638.04156780243,4129.980686187744,46577.70236301422,4230.169140815735,36142.67178726196,3489.9071187973022,31268.345171928406,3574.835331916809
2019/05/04,523824.2230157852,75770.37979602814,58924.82003688812,16367.910954475403,87700.90770244598,12262.440552711487,40941.695541381836,5202.293628692627,71589.36846446991,7395.7064390182495,54957.86871814728,5614.610877037048,22309.565930366516,3593.536418914795,60628.419076919556,9161.676681518555,47495.84897899628,5041.219287872314,41431.321853637695,6499.003866195679,37844.40671253204,4631.98108959198
2019/05/03,442055.034658432,62029.04798221588,50812.8886013031,13084.367537498474,64489.8060874939,7975.8342390060425,31135.35866165161,5296.078953742981,69125.14669036865,7350.485871315002,46955.62189769745,4777.035994529724,15342.539202690125,1783.3190126419067,52951.10937786102,6754.62195110321,37416.02366542816,5098.977957725525,38312.361092567444,4870.527804374695,35514.179381370544,5037.79866027832
2019/05/02,491478.05995082855,60571.16146373749,47408.94507408142,13222.863465309143,76540.91498279572,8053.5477838516235,42957.686727523804,4458.803359985352,86459.8707780838,9797.545142173767,42588.5961265564,3937.642815589905,20662.115200042725,1580.8973407745361,49968.25697517395,7112.034605979919,44366.73337459564,4227.276662826538,42302.80096244812,3597.1696271896362,38222.13974952698,4583.380660057068
2019/05/01,524856.2766532898,71604.90133476257,54475.4805688858,15246.484833717346,84003.4285068512,9052.244107246399,40924.489342689514,5573.55751991272,72014.2474527359,10179.751711845398,58427.98621749878,6093.588373184204,27853.616691589355,3146.8299798965454,52543.806467056274,8623.285038948059,40987.05191230774,4088.907301902771,38395.996589660645,4457.284141540527,55230.17290401459,5142.9683265686035
2019/04/30,559939.0188074112,70912.22802639008,63324.84470272064,12253.934336662292,91146.53555202484,11502.575006484985,43886.09334182739,7385.327787399292,79739.50178337097,8877.01323223114,57227.90791225433,4457.932153701782,23614.047612190247,1986.8969078063965,59301.08259010315,7173.955929756165,46555.358662605286,4198.2675104141235,46757.27771091461,4306.566893577576,48386.36893939972,8769.758268356323
2019/04/29,450348.1687412262,61914.726652145386,48511.870131492615,12278.227621078491,61364.25572299957,8293.116997718811,36296.930609703064,3724.087938308716,68853.76740264893,8795.173846244812,44003.04848384857,6595.796462059021,23593.23398399353,2209.0642738342285,43622.90009307861,7240.897177696228,38679.76882457733,3260.092763900757,40035.65385723114,4827.492013931274,45386.73963165283,4690.777557373047
2019/04/28,491094.7046546936,72156.0691947937,48361.029386520386,20262.53623867035,77248.01760101318,8482.753726005554,34278.358615875244,4348.320449829102,57153.45477581024,8027.0864334106445,56119.41786003113,5050.894961357117,23827.951022148132,2844.1317501068115,52116.762808799744,7654.935639381409,42512.840051651,3735.4485998153687,42512.50122833252,5271.918662071228,56964.371304512024,6478.042734146118
2019/04/27,528433.6920719147,80448.74216461182,65979.15107917786,21837.9186296463,80729.29857635498,10673.426013946533,38035.06605529785,5822.997717857361,71524.39309692383,8097.839026451111,58924.0990114212,5552.327383995056,26114.93285560608,3555.76930809021,48183.21741485596,8204.075022697449,45635.140911102295,4287.806140899658,43603.077268600464,5491.163812637329,49705.31580257416,6925.419108390808
2019/04/26,481790.4836511612,57395.076749801636,48700.06654930115,10940.27506160736,74611.48806762695,8992.99303817749,39363.800661087036,5736.550335884094,71608.93727874756,6786.854475975037,51660.21178817749,3464.735191345215,25384.7902841568,2396.7778511047363,54623.596179008484,4925.68999671936,35878.27533531189,2854.031955718994,35273.70143222809,4577.119389533997,44685.61607551575,6720.049453735352
2019/04/25,434413.0794324875,63395.07469654083,44384.405530929565,15913.145296096802,74940.78075504303,10018.593029022217,31468.119663238525,5626.310901641846,57466.7785692215,6383.8652086257935,49637.73181819916,3437.644528388977,19922.06400203705,1974.4889287948608,40648.15470504761,8247.524110794067,34422.53582572937,3417.9505100250244,35729.18393135071,4652.128559112549,45793.32463169098,3723.4236240386963
2019/04/24,435765.0640306473,58911.181183815,45579.12797641754,14027.491331100464,71922.51250267029,8244.025779724121,32548.25105381012,4291.694920539856,64758.07356262207,6555.021061897278,44146.672439575195,3124.2864503860474,22036.071345329285,2945.3427295684814,42896.79760456085,5450.636117935181,33998.488240242004,2431.291386604309,40612.642062187195,7272.987347602844,37266.42724323273,4568.404058456421
2019/04/23,368138.5790081024,41478.828077316284,28364.216267585754,6963.77511882782,61378.037903785706,8288.473847389221,29973.440724372864,3653.284785270691,50287.57309627533,4335.754378318787,32617.843203544617,2793.2052822113037,21072.469632148743,1428.2226362228394,43432.07896614075,4035.5236225128174,34819.65981578827,2705.3044033050537,31228.585604667664,4799.627125740051,34964.673793792725,2475.6568775177
2019/04/22,472104.58409023285,63896.54627799988,43178.67339038849,18409.331698417664,79427.8232049942,7486.043476104736,42036.22329330444,6021.097675323486,68383.73471546173,6370.232706069946,50096.678669929504,3709.978841781616,24494.64580154419,1352.6655654907227,49086.53501033783,5451.9923639297485,35265.30367183685,3954.95245552063,37309.57114982605,6674.978534698486,42825.39518260956,4465.272960662842
2019/04/21,526970.8709583282,76006.00137996674,61734.806816101074,21641.048015594482,85803.00072097778,10317.81374168396,46809.133962631226,5006.327607154846,67690.06197929382,8272.24410533905,46343.94073009491,4307.153693199158,28238.205857276917,2015.4134731292725,59709.10439968109,9925.411355018616,42134.576150894165,5243.599658966064,43267.67600440979,5318.766814231873,45240.36433696747,3958.222915649414
2019/04/20,510200.53454589844,75654.82740592957,55327.81503677368,22394.852098464966,88962.90535736084,10079.3685464859,48073.973187446594,5582.439623832703,65736.76969146729,8632.3069190979,46108.61072444916,4629.634692192078,25776.596539497375,1740.3834581375122,51436.06247997284,8096.40890789032,44298.84111785889,5138.398433685303,45503.15305519104,4972.911350250244,38975.80735588074,4388.123375892639
2019/04/19,528711.3901691437,76214.47931671143,65520.50443935394,19947.62508201599,98695.65148735046,11829.783462524414,42178.05932807922,6288.808171272278,64372.07420921326,6547.2484130859375,52285.57572078705,5275.05929851532,18473.78044128418,2061.8302526474,46986.8990688324,8010.334232330322,43154.98662662506,3514.2601947784424,49249.34411907196,6974.5049085617065,47794.51472854614,5765.025300979614
2019/04/18,500505.6526565552,72811.11078929901,57538.75597476959,18761.294688224792,73798.10410404205,10214.425808906555,38109.26796627045,6107.847820281982,76704.03035831451,9315.720757484436,48096.36072063446,4388.244592666626,22254.333250045776,2155.3606748580933,53370.9750995636,7274.670125961304,40568.07572174072,3892.5176401138306,39882.689257621765,6103.39958190918,50183.060203552246,4597.629098892212
2019/04/17,507800.6964149475,68901.622382164,61534.784306526184,16574.926699638367,75729.77347755432,10693.361493110657,47641.616196632385,5172.083899497986,70929.4872789383,8974.99072265625,42004.921266555786,4007.903293609619,23685.678453445435,2423.9098901748657,56689.28134918213,7969.2146463394165,44898.61769962311,4360.951484680176,35802.22815036774,4501.919735908508,48884.30823612213,4222.360516548157
2019/04/16,476467.4747238159,64668.26099586487,48883.354643821716,15358.974681854248,77247.5584192276,10760.665406227112,40594.598408699036,4379.766611099243,81769.16111755371,9696.99776172638,41402.99703502655,4153.774676322937,20946.38112449646,1502.6181783676147,43925.489493370056,5696.642434120178,38465.482513427734,3775.5606203079224,42606.38578701019,5835.4638385772705,40626.06618118286,3507.796787261963
2019/04/15,448132.5306329727,67093.43476390839,42846.549600601196,15616.111085891724,69364.023229599,10669.824744224548,34287.17210674286,5052.324354171753,81953.80878734589,9681.835118293762,39413.88582229614,5934.339978218079,19113.986256599426,2371.0984592437744,47227.296315193176,5118.429515838623,38677.84808444977,3725.2407150268555,36749.446917533875,5237.455414772034,38498.51351261139,3686.775378227234
2019/04/14,317451.6964492798,47553.0599193573,34547.351764678955,9714.84679222107,54633.168833732605,9957.587796211243,17040.121792793274,2913.933605194092,44997.10750865936,5969.063639640808,35174.56944561005,3851.0013666152954,18999.036584854126,1153.2398042678833,29525.396233558655,4383.626336097717,27268.526008605957,2408.1245670318604,21045.467763900757,3721.704348564148,34220.95051288605,3479.9316635131836
2019/04/13,449454.2344636917,75621.18160152435,61511.721029281616,21323.655402183533,81071.17765140533,10297.936685562134,27153.68480873108,4642.01815032959,64004.55534076691,9362.342601776123,44659.57533454895,6979.761206626892,18891.555800437927,1164.5758037567139,41309.042408943176,6544.872624397278,36251.071769714355,3757.0898113250732,36163.06769180298,7793.027226448059,38438.78262805939,3755.9020891189575
2019/04/12,484043.5304956436,72177.06804275513,59307.27593612671,17862.20206642151,76495.40511894226,12376.302353858948,36633.15205669403,4299.056391716003,80731.5378332138,12141.830418586731,40961.47431945801,3631.90359210968,21565.765544891357,1793.2994050979614,40996.162437438965,8279.773957252502,39387.7351026535,3154.1676349639893,45639.7126083374,5372.611613273621,42325.30953788757,3265.920609474182
2019/04/11,412585.75274944305,50395.77878570557,42748.48418521881,12620.618339538574,64500.566182136536,7928.721076965332,28714.105682373047,3975.617455482483,65623.09612560272,7395.415497779846,26834.77406692505,2227.442487716675,19833.615173339844,1727.097110748291,53336.97950553894,4473.6197118759155,44289.21878814697,4119.5239362716675,26516.73185825348,3119.8789024353027,40188.181181907654,2807.8442668914795
2019/04/10,507768.06027698517,65506.880135536194,63834.157196998596,15282.166695594788,83764.15346050262,10315.344497680664,38141.66941070557,5218.75363445282,80072.89457130432,9641.151015281677,42467.40510177612,5670.944633483887,24209.412050247192,2229.371000289917,48510.394028663635,5991.541543960571,46890.070366859436,2647.4305458068848,40926.53109359741,5137.668204307556,38951.37299633026,3372.508364677429
2019/04/09,505792.6415987015,70846.24888134003,57814.391644477844,17679.192934036255,77707.27060508728,8975.004112243652,39416.60090637207,7111.061848640442,76702.49157619476,10637.680458068848,38234.78876590729,4308.437381744385,21606.17450618744,2167.2923307418823,52400.327118873596,5472.359267234802,43920.17837047577,3959.2091274261475,49291.84328842163,4906.429198265076,48698.5748167038,5629.582222938538
2019/04/08,458647.7578525543,61627.93262863159,51088.7084274292,15232.367212295532,66790.48064613342,9344.509062767029,44682.58200931549,4247.86378288269,65877.14579296112,7395.047169685364,35825.466168403625,4515.5888957977295,23364.768530845642,1708.1600971221924,50342.42310714722,5555.424802780151,41316.82853317261,3388.932846069336,40097.07722568512,5654.383243560791,39262.27741146088,4585.655515670776
2019/04/07,356351.59234142303,47991.121916770935,38817.59153175354,9555.420912742615,53753.13341617584,6231.621603965759,23886.66570663452,4895.325781822205,50759.53422355652,6000.598847389221,31680.76421070099,6238.070269584656,17478.472217559814,903.3400993347168,40262.08925151825,4100.615838050842,30101.242396354675,2721.845206260681,38710.17216491699,3602.728621482849,30901.927222251892,3741.55473613739
2019/04/06,465541.6459503174,67682.20593261719,57423.399344444275,16157.733277320862,70244.24547100067,8706.888464927673,38669.202414512634,5696.507266998291,73805.44149112701,11891.148113250732,38313.10986042023,5082.929118156433,17192.22191619873,2002.3064699172974,46282.73087310791,5140.401093482971,40076.78484630585,4182.2891273498535,45827.23248577118,4790.819560050964,37707.277247428894,4031.1834411621094
2019/04/05,487733.7851409912,60885.411145210266,55606.60950946808,12569.623685836792,76103.33698177338,8534.863587379456,42707.66909980774,7015.802577972412,67947.74109077454,8382.930738449097,41192.96076011658,4557.419211387634,25303.242347717285,1641.5182886123657,53690.318325042725,4670.238586425781,42204.18944263458,3352.8728399276733,50235.01014995575,5528.018732070923,32742.70743370056,4632.122897148132
2019/04/04,341781.4364233017,41967.55370044708,27070.01845550537,5620.047227859497,48551.430753707886,4161.5391845703125,22371.95707130432,4510.7055196762085,61444.26860523224,7772.117614746094,24833.950902938843,2220.271566390991,12741.207461357117,1687.0647506713867,45542.47483062744,5014.25549030304,31947.661743164062,3940.767889022827,37673.89774417877,3762.4489698410034,29604.568855285645,3278.3354873657227
2019/04/03,403250.2512989044,43610.352769851685,39784.35395908356,6815.0418491363525,54311.957308769226,5882.885144233704,35369.564871788025,4011.4471282958984,70179.42812347412,7285.204627990723,35018.733202934265,3365.611205101013,19891.15760231018,1628.9159908294678,39996.61396121979,3492.707332611084,39660.2796754837,2771.591239929199,39164.69481372833,5280.340025901794,29873.46778011322,3076.6082258224487
2019/04/02,452286.21914482117,58921.839586257935,60389.42942714691,11794.517078399658,69476.045794487,6858.167220115662,29626.664972305298,5577.1447286605835,65743.08320331573,8296.544285774231,40128.74240779877,4166.182720184326,24148.16609287262,2176.101272583008,41148.27745819092,5371.389276504517,31679.333691596985,4464.999948501587,43877.849378585815,4525.897124290466,46068.62671852112,5690.8959312438965
2019/04/01,430297.1886777878,61765.74328136444,50939.61788845062,11643.903389930725,53898.17931556702,7080.489319801331,34880.54266452789,4271.342606544495,62980.67921543121,9180.094763755798,44937.170097351074,6148.283073425293,23235.70598602295,1955.7212677001953,47551.13428401947,6497.281270980835,33102.10933303833,3618.4271697998047,39150.090989112854,4764.563079833984,39621.95890426636,6605.63733959198
2019/03/31,433693.6663541794,66613.73872756958,56349.81851482391,15767.130453109741,68358.6398973465,9929.830337524414,31413.178106307983,4374.543395996094,59176.311789512634,10152.662368774414,39330.4712600708,5177.874413490295,23835.922428131104,3005.3749628067017,35906.1426448822,5789.077809333801,33732.18438529968,3172.655613899231,43955.34866809845,4670.186158180237,41635.648659706116,4574.403214454651
2019/03/30,489641.92548561096,68095.76704597473,62899.7384185791,18397.31344985962,85490.68211650848,11684.270897865295,29137.9082365036,4288.405957221985,64452.31451702118,9076.582146644592,42374.977663993835,5104.950912475586,29380.561692237854,2852.9172830581665,52395.74783229828,4593.267922401428,35510.07441806793,2589.1610021591187,42254.82571220398,5501.85480594635,45745.094878196716,4007.0426683425903
2019/03/29,503604.1407699585,63581.09833621979,65406.49029445648,14330.555701255798,74531.75716114044,9295.469556808472,31754.133026123047,3517.374092102051,71576.4655380249,9815.15699672699,50084.209436416626,5817.116234779358,25418.73938369751,1725.3246421813965,52531.93368625641,5370.575462341309,38116.739884376526,2806.983883857727,43302.231300354004,6473.191823959351,50751.72242641449,4393.989804267883
2019/03/28,368672.33333969116,46300.30375957489,45866.98586654663,11478.592356681824,54961.322872161865,8497.794921875,22502.830078125,2251.1067180633545,57102.64913749695,6683.082118988037,35573.28428936005,3240.2473497390747,14506.512523651123,1008.5520477294922,36775.854144096375,3596.18842792511,29585.8503742218,3054.2496643066406,40567.00485420227,3265.3653268814087,31230.0391998291,3225.1248273849487
2019/03/27,434994.36883354187,55148.07839012146,44288.61117076874,9712.171893119812,72438.79578304291,9033.191396713257,32645.495230674744,5007.017684936523,72283.34961032867,8951.754886627197,40164.38063144684,3925.4570455551147,19872.715112686157,1925.8302688598633,42983.03083896637,3956.4447746276855,30639.520462036133,2744.193925857544,35561.702523231506,3831.4272108078003,44116.7674703598,6060.589303016663
2019/03/26,437772.5725545883,52075.80529689789,47120.24208545685,8478.4141330719,64948.92133617401,6338.673636436462,37933.48789691925,4251.074293136597,68799.69661521912,10530.845513343811,31631.287653923035,3212.387780189514,20920.69097137451,2447.7198152542114,41980.11276054382,5132.415061950684,37521.40033817291,2944.159866333008,43904.898710250854,4112.618970870972,43011.834186553955,4627.49622631073
2019/03/25,410539.4480857849,53733.87529754639,37017.16523551941,8726.901840209961,59248.335406303406,6887.214202880859,41346.13856601715,3577.466332435608,66092.56926250458,7874.775941848755,35331.697078704834,5536.66383934021,20416.009737968445,1651.112816810608,42822.46430015564,6388.968029975891,31219.923617362976,3871.060736656189,38538.39375972748,5001.957572937012,38506.751121520996,4217.753984451294
2019/03/24,425644.5761976242,67535.65412807465,46375.92733192444,15962.945071220398,61167.35265636444,7894.986442565918,30928.177360534668,5160.342093467712,55687.88619709015,11475.809282302856,47319.47125720978,4632.003658294678,25535.414881706238,2989.495485305786,45002.121015548706,7736.26247882843,26242.43618297577,2781.93554019928,34014.074580192566,3993.827501296997,53371.71473407745,4908.04657459259
2019/03/23,465467.8068828583,65214.70857715607,61192.81817436218,18662.222938537598,75547.47220611572,9278.783670425415,28916.445726394653,3110.652256965637,69546.81485462189,7982.610256195068,48139.12164020538,5652.024279594421,22932.81614589691,2324.8193616867065,43719.057923316956,6285.988108634949,36856.12477397919,3008.518036842346,32031.33860015869,4540.000999450684,46585.7968378067,4369.088668823242
2019/03/22,443918.18897914886,58455.30683803558,52357.9849357605,13774.438099861145,69979.64284610748,7312.742625236511,27999.113434791565,3398.385504722595,58490.72982215881,8136.497922897339,39726.93456363678,3634.7354679107666,19283.331050872803,2475.781047821045,52114.64420700073,6355.372973442078,40598.98631954193,5191.55871295929,36586.80732536316,3990.7638845443726,46780.0144739151,4185.030598640442
2019/03/21,433817.2094449997,55230.927909851074,42324.73686790466,10338.504563331604,74041.827958107,8423.682836532593,28564.289395332336,4124.82617855072,67870.03367805481,7352.650114059448,40571.39945411682,5181.935232162476,14803.439640045166,2761.0273094177246,46533.74005031586,4840.933678627014,38586.24111175537,3300.063168525696,42586.44551753998,5532.168720245361,37935.0557718277,3375.1361083984375
2019/03/20,414771.7633533478,48680.33550167084,39466.348547935486,10723.70733833313,67987.81610012054,6890.464577674866,33733.05956363678,3283.2982091903687,60799.14927005768,5411.720027923584,32695.639582633972,5269.801043510437,16501.13952064514,1313.8229761123657,37044.24335861206,4293.089747428894,50053.05567932129,3267.510395050049,32350.438561439514,3067.001039505005,44140.87316894531,5159.920146942139
2019/03/19,412421.62279319763,50461.648164749146,38474.963629722595,8916.42220878601,80017.74689769745,8543.638745307922,26312.418931007385,3709.254114151001,57947.25622463226,6222.846606254578,45333.331216812134,4724.390061378479,15952.460733413696,2002.4191942214966,40406.87490940094,4459.13788318634,35154.9243516922,3012.8609647750854,35078.29983711243,4826.589088439941,37743.34606170654,4044.089298248291
2019/03/18,399399.20477104187,54193.85940170288,36391.467659950256,9399.726108551025,65843.61299228668,6712.904909133911,30326.647114753723,3762.911943435669,57710.45272541046,6266.803181648254,36806.61658191681,4787.92599773407,15700.988062858582,2062.7444314956665,44892.28288459778,4171.833367347717,42321.12186336517,5747.012442588806,27297.00175666809,4525.351149559021,42109.013129234314,6756.64587020874
2019/03/17,398555.6841554642,52214.327790260315,37883.1975069046,9480.041807174683,66096.63632106781,7312.483074188232,35882.68963241577,3268.3897886276245,46555.15773773193,7125.749968528748,40209.66417694092,3512.948444366455,18381.175899505615,2811.08198261261,51337.463024139404,5693.514750480652,28874.243076324463,4676.528209686279,31101.733662605286,3806.2785034179688,42233.72311782837,4527.311261177063
2019/03/16,459674.70328998566,71744.21615314484,54552.09826850891,18945.108907699585,82676.76741409302,8592.87351322174,29912.444199562073,4081.2079362869263,65912.79628276825,13138.904712677002,46319.861762046814,4443.838497161865,14656.207113265991,1025.5976943969727,45104.820256233215,7484.650464057922,39972.830448150635,3919.5636234283447,34447.73657035828,5052.519092559814,46119.140974998474,5059.951711654663
2019/03/15,482364.989109993,66947.49028396606,57178.32437324524,18078.442310333252,78328.48847389221,10077.027183532715,37328.61746311188,3686.0229053497314,74613.39533042908,7853.016880989075,40557.86776256561,4963.274368286133,24736.267654418945,2140.1380167007446,41817.18321800232,5064.642107963562,42145.47859477997,4449.351622581482,36296.55514431,5156.678466796875,49362.81109523773,5478.896421432495
2019/03/14,398659.42254447937,52352.021900177,47327.1591091156,10255.253791809082,65193.371238708496,7806.072140693665,28609.868348121643,3505.0900115966797,56919.54341220856,7309.556596755981,35261.91886615753,3422.692581176758,13419.977054595947,1201.06360912323,38993.30683040619,4481.638394355774,35270.1239156723,4094.642909049988,35068.354541778564,5264.5227880477905,42595.79922771454,5011.489077568054
2019/03/13,393751.6464471817,52500.30301570892,41131.30409145355,10342.67621421814,74442.28690242767,9316.751776695251,25159.46622943878,3941.463131904602,56453.67504501343,7034.110800743103,31841.24388027191,3214.804320335388,16036.620741844177,1546.1242122650146,39586.67154121399,5628.20637512207,35069.110936164856,3709.760992050171,34490.4090051651,3590.000026702881,39540.85807418823,4176.405165672302
2019/03/12,421173.4774303436,53854.65257549286,42430.24622631073,8458.170664787292,69104.53619384766,9936.420985221863,27585.913595199585,5805.6305103302,54056.7166557312,6305.627996444702,44770.067719459534,3671.2443237304688,14005.450352668762,2838.4238929748535,54914.2416973114,5571.660139083862,37081.52975940704,3580.0361948013306,39576.06806373596,4511.3813829422,37648.70716667175,3176.0564851760864
2019/03/11,355969.048582077,48288.62171077728,35000.68381977081,7758.48748588562,55646.96340942383,9138.716444015503,26153.69983291626,5239.436330795288,42950.07327461243,6125.845554351807,33068.17403507233,3400.8856840133667,17590.895818710327,1713.550633430481,44650.93621635437,5219.919247627258,32172.210619926453,2862.1674699783325,39025.50728225708,4208.189434051514,29709.904273033142,2621.423426628113
2019/03/10,432814.8738451004,62623.1614074707,44252.62401390076,15571.327028274536,68541.6890630722,8412.684346199036,28356.73914051056,2291.335461616516,51099.466170310974,6992.505263328552,47652.10269737244,4229.417719841003,17906.893648147583,4736.027014732361,60176.07065296173,6132.075975418091,37028.776987075806,6100.234973907471,35102.03546142578,3229.1988554000854,42698.47601032257,4928.354768753052
2019/03/09,459895.54748535156,77675.5040025711,62900.373556137085,23156.780123710632,74063.44110393524,12317.538918495178,29856.223348617554,3664.0809364318848,51285.59615135193,8950.055521011353,39180.11489009857,5543.409086227417,17418.62361907959,1752.8908624649048,75115.09657287598,8829.046155929565,37435.86376667023,3194.953104019165,39696.5982542038,4885.71625328064,32943.61622238159,5381.033041000366
2019/03/08,428084.61779499054,69771.82748508453,49692.12228012085,15988.734095573425,74222.61879444122,12009.975878715515,31611.69228744507,3800.1326570510864,59587.88705062866,8948.424063682556,42989.56208610535,6160.242102622986,22093.400367736816,1647.9923267364502,48739.11081409454,6783.34779548645,30667.8659324646,5500.16857624054,31174.397060394287,4984.551258087158,37305.96112155914,3948.2587308883667
2019/03/07,371552.9564857483,48222.24055862427,39535.612248420715,10753.428369522095,50166.7406873703,5083.709580421448,26215.455286026,2462.4626665115356,59145.73303127289,6028.766132354736,35245.95963859558,4876.234997749329,16349.453650474548,1982.5879306793213,47135.26529121399,6539.583575248718,29583.63770198822,4476.778628349304,33464.18282699585,2580.0111503601074,34710.9161233902,3438.6775274276733
2019/03/06,381834.8023443222,49987.94357967377,40378.542570114136,9915.958892822266,56926.75811100006,5498.595569610596,24970.228521347046,3770.2733249664307,55911.39260387421,7245.3872146606445,38005.39204502106,6233.792992591858,14922.879035949707,1564.9393577575684,45494.594676971436,4047.387366294861,30202.416667938232,3071.5052766799927,41631.62888813019,5197.8840980529785,33390.969223976135,3442.2194862365723
2019/03/05,427191.6923503876,57356.31292152405,44365.434863090515,9541.45818901062,58048.44759082794,9517.671859741211,26840.176787376404,3936.446635246277,64797.63537979126,7688.4258489608765,46979.706411361694,6717.197382926941,21902.223076820374,3428.3154802322388,42979.55996417999,5091.957765579224,39153.670046806335,2746.5413160324097,46807.362646102905,3897.9380826950073,35317.47558403015,4790.360361099243
2019/03/04,351364.7602233887,52095.55683040619,32626.231420516968,8970.539417266846,61766.64930725098,7814.140063285828,22720.975586891174,3660.6934270858765,51604.95207309723,5663.9636125564575,32265.115438461304,5326.686705589294,15584.757194519043,1255.655990600586,35738.75542259216,4312.312345504761,32534.913477897644,5428.16762638092,42299.82723522186,6897.653099060059,24222.583066940308,2765.7445430755615
2019/03/03,378912.51464653015,56734.45885467529,46505.697461128235,14694.456038475037,58021.36028575897,7726.278357505798,25102.300579071045,2738.216053009033,47973.150307655334,6295.718553543091,40756.95852279663,4949.676741600037,13189.048230171204,3451.843879699707,43343.62823486328,5588.702919960022,34917.34750080109,4154.461482048035,36864.015040397644,3474.6789407730103,32239.00848388672,3660.4258880615234
2019/03/02,415435.2016172409,60732.772802352905,43513.469774246216,15630.809442520142,69844.48220348358,6629.142658233643,32552.258105278015,5305.732490539551,64504.69707489014,10143.507506370544,38538.08873462677,5587.518585205078,15499.98818397522,1368.0775985717773,47009.962891578674,5593.571961402893,24582.066900253296,1874.6312112808228,45688.304463386536,4562.4052448272705,33701.88328552246,4037.376103401184
2019/03/01,452130.048784256,64773.51967048645,56088.276012420654,14890.314308166504,74724.99699687958,8546.794518470764,29422.160369873047,5304.752983093262,62292.42398452759,8881.13134098053,42029.43282699585,3930.0130729675293,12064.191745758057,1860.165337562561,54710.821813583374,5377.12269115448,34480.95812511444,5081.199016571045,41444.44327735901,4987.388571739197,44872.343631744385,5914.637829780579
2019/02/28,427068.98023986816,61844.95026874542,48120.57168960571,11732.398488998413,64936.125524520874,8948.108236312866,27549.36822128296,3814.769003868103,69871.84766960144,7776.869640350342,36690.606092453,5813.247934341431,14513.909176826477,1832.7691955566406,48514.32398509979,5035.628893852234,36148.17923259735,8761.022871017456,44722.52563762665,4339.0285930633545,36001.523010253906,3791.1074113845825
2019/02/27,432715.92479610443,50210.24912548065,52111.47988700867,11832.805930137634,74847.00453281403,7795.542839050293,32062.247395515442,4784.798780441284,64523.30275630951,7405.519104003906,35912.58253288269,3830.4283695220947,20714.890877723694,1767.7128295898438,36685.99337100983,3454.1214561462402,35697.72968673706,2269.5127487182617,42364.26257133484,4230.771201133728,37796.43118476868,2839.0358667373657
2019/02/26,414109.85534000397,48152.2288274765,46525.049845695496,11254.560124397278,74236.54848575592,7937.45025062561,32797.084233284,5050.071979522705,60217.50105190277,5880.5765199661255,32393.618027687073,3260.3610916137695,16801.0378408432,1369.620701789856,40423.63244628906,4800.152944564819,40100.94002819061,2370.5575551986694,38509.851532936096,3312.4882888793945,32104.59184741974,2916.389370918274
2019/02/25,379569.08242321014,47919.53710746765,35420.23045253754,9753.609635353088,69785.7641620636,8151.434125900269,28795.38153362274,3890.3498306274414,62140.014592170715,7605.576952934265,34635.79690551758,4533.123908996582,20455.797653198242,1494.7355613708496,28803.70738887787,3675.2090425491333,32448.342392921448,2948.373498916626,35763.97977256775,3642.0519638061523,31320.067569732666,2225.0725870132446
2019/02/24,346715.5435771942,49593.59366226196,38685.09127616882,12004.87484741211,60242.17458438873,6196.042259216309,32794.177748680115,4315.953309059143,39219.16711997986,7203.9967250823975,33361.785846710205,6038.9759340286255,16526.490427970886,1083.5113143920898,33943.22525310516,3478.04305934906,28416.101380348206,2393.9818420410156,23848.11252117157,3714.2225942611694,39679.217418670654,3163.991777420044
2019/02/23,355426.00072956085,50777.22393798828,33486.47909450531,11134.959624290466,69890.27575206757,9130.230870246887,27921.687257766724,5799.2479066848755,52730.83458995819,7268.79029750824,38814.74655723572,4449.224662780762,15259.052220344543,953.9803705215454,31014.754906654358,3744.7431211471558,23347.390327453613,1670.3015298843384,31211.320671081543,3394.3095903396606,31749.459352493286,3231.4359645843506
2019/02/22,412417.3289966583,59451.32455730438,42841.41622543335,12802.720258712769,75596.74753856659,9599.821239471436,25315.55890274048,3059.582266807556,62991.041169166565,8800.021096229553,39482.658774375916,3478.714741706848,14069.384830474854,739.4601755142212,37715.900257110596,5089.804190635681,33826.45745277405,2971.750147819519,47583.436029434204,9819.09556388855,32994.727816581726,3090.3548765182495
2019/02/21,393990.7654829025,58960.70784282684,38090.13586807251,14266.382692337036,63687.569127082825,7962.450722694397,27308.707968711853,5096.663963317871,62992.559801101685,7153.723731040955,36687.23200702667,3504.2147092819214,17656.84693622589,1685.2221517562866,45162.84685134888,5466.458338737488,29707.407026290894,3536.6886291503906,35796.97735404968,7609.6716775894165,36900.48254299164,2679.2312269210815
2019/02/20,375300.2574253082,44642.74230957031,36642.32052707672,7698.697088241577,60295.979845047,7087.647135734558,28508.61838054657,3366.428692817688,57654.648774147034,4408.957807540894,38693.630237579346,5313.647680282593,17513.398920059204,2507.792423248291,36576.71838760376,4546.497277259827,26416.694348335266,2382.473734855652,35338.99613189697,4335.565299987793,37659.25187301636,2995.0351696014404
2019/02/19,248760.61547374725,30405.74469089508,22680.492852211,4830.385774612427,28770.742650985718,3263.9751777648926,18914.833292007446,1881.5264616012573,43283.342947006226,6745.543377876282,27345.72450351715,3186.022530555725,10367.152244567871,698.7456121444702,29367.357237815857,4224.909749984741,15060.094841003418,1148.3808345794678,34583.19795322418,2913.585735321045,18387.676951408386,1512.669436454773
2019/02/18,201509.73326396942,22424.421736717224,26874.19002723694,4953.822596549988,22971.87292289734,2877.4323358535767,11446.862105369568,1253.457139968872,26201.75593471527,2497.8069353103638,23062.635626792908,2364.5453453063965,9285.553433418274,697.1208095550537,27809.55944442749,3482.7399396896362,12238.180403709412,1431.7659225463867,27219.996567726135,1778.0796556472778,14399.126797676086,1087.6510562896729
2019/02/17,170216.892663002,22396.570655822754,18077.174622535706,4404.112266540527,21446.53259563446,2057.8591651916504,12281.751309394836,2044.578392982483,21777.128952026367,2171.346339225769,21521.708090782166,3325.3533477783203,6342.392862319946,689.6345796585083,30139.734301567078,4054.01762008667,8697.162259101868,913.5059156417847,18650.521614074707,1614.7369537353516,11282.78605556488,1121.4260749816895
2019/02/16,194419.31776809692,24900.07773208618,21278.017287254333,5175.780401229858,28884.621980667114,2584.7891025543213,11436.097288131714,1831.9734983444214,24663.82867717743,2869.703224182129,22920.755734443665,1971.8089475631714,7050.58796787262,708.9479513168335,28802.218210220337,4634.971784591675,14072.14122390747,1834.997223854065,15870.32803440094,1842.8897371292114,19440.7213640213,1444.2158613204956
2019/02/15,224180.82984542847,25608.81818675995,22126.809587478638,5693.1978397369385,35883.17941570282,3119.1299896240234,16709.388423919678,1701.819429397583,28072.2773103714,3209.637487411499,19865.830730438232,1838.8155727386475,7672.883068084717,1156.9834089279175,28952.75608730316,3691.5823917388916,18994.160975456238,1353.5874938964844,18630.846514701843,1856.7340097427368,27272.69773197174,1987.330563545227
2019/02/14,244462.63733673096,27917.298933029175,23764.105890274048,4866.415890693665,31503.817501068115,3064.2470836639404,16773.868823051453,2680.560534477234,44543.00038051605,3538.4931478500366,23724.882064819336,3392.52743434906,8869.93455028534,1150.234697341919,34586.31338310242,3770.477268218994,15011.602307319641,1842.9338865280151,24944.142954826355,1975.1519021987915,20740.9694814682,1636.2570877075195
2019/02/13,201787.9404335022,22315.305821418762,20067.608298301697,3930.106532096863,27723.348649978638,2420.3616466522217,16863.263582229614,1805.3148708343506,29749.75661277771,2536.245429992676,18970.443495750427,2242.326103210449,9036.991857528687,810.404016494751,27420.617246627808,3242.94375705719,16734.445293426514,1346.452181816101,21633.30830860138,3031.7302951812744,13588.157088279724,949.4209880828857
2019/02/12,346752.0931558609,41891.39431476593,38109.11103630066,8545.507363319397,56265.599058151245,6441.156120300293,25356.741594314575,3709.367650985718,54523.53400230408,4955.775469779968,26173.459385871887,3343.46365070343,16669.59119796753,1187.556007385254,40675.838554382324,6183.058613777161,29333.109224319458,2540.4704608917236,30035.55201435089,3059.231162071228,29609.557087898254,1925.8078155517578
2019/02/11,342373.54915905,38920.99690914154,30158.235270500183,7556.728963851929,59457.77111244202,4767.225242614746,25013.245045661926,2770.246994972229,48339.14583206177,4608.619003295898,27228.23278427124,3568.0549488067627,16286.702968597412,1581.0576238632202,44430.35702037811,3976.534854888916,33507.346806526184,4868.073340415955,27199.70339488983,3197.701071739197,30752.808923721313,2026.754864692688
2019/02/10,271901.03759765625,31789.621167182922,25176.404237747192,8110.987114906311,47632.21419811249,4947.996102333069,21516.409383773804,1858.7591924667358,35225.385880470276,3752.385622024536,28384.351099967957,2849.0313968658447,13675.575134277344,772.4485845565796,29959.157881736755,3986.658676147461,23894.90004634857,2077.7520666122437,23946.118337631226,1720.6277170181274,22490.521397590637,1712.9746942520142
2019/02/09,404890.8134279251,49080.633390426636,36105.76076602936,11521.791870117188,84081.65965080261,5923.588685035706,29366.01962375641,3544.163787841797,53144.68567562103,8039.442319869995,35474.87064266205,3423.8977851867676,21356.71343231201,1693.4518203735352,49042.758266448975,4730.89988899231,30360.23839378357,2591.246778488159,27356.14408302307,2949.8556938171387,38601.96289348602,4662.2947607040405
2019/02/08,366302.67012023926,46524.37386417389,43645.639996528625,11805.167600631714,61417.37180995941,6030.868988990784,33228.969389915466,2530.8682231903076,49165.55255126953,5915.449516296387,32829.84200382233,2993.837797164917,13175.814986228943,1316.172209739685,42050.69597053528,5485.825388908386,24780.72042942047,2922.256715774536,34047.02936267853,3537.145441055298,31961.033619880676,3986.781982421875
2019/02/07,335132.3026752472,42915.46643066406,34901.51010990143,8360.21736240387,51085.76150035858,5514.501390457153,15454.416305541992,2014.3767938613892,47998.03211212158,9221.703960418701,28761.347953796387,2830.8404664993286,13741.164757728577,965.4486284255981,46915.53524684906,4246.896518707275,32008.090461730957,3528.5181789398193,29759.77516078949,3325.606266975403,34506.66906642914,2907.356863975525
2019/02/06,401758.0641489029,47581.28174209595,36683.7241859436,9516.011545181274,58340.03688144684,6725.48756313324,32121.578052520752,3367.6746501922607,53587.49667930603,5838.104755401611,31856.644229888916,3950.8893451690674,21144.23040008545,2787.6232347488403,63368.42375946045,5458.786596298218,30811.19256401062,3183.105737686157,34022.69588184357,2772.305166244507,39822.04151439667,3981.2931480407715
2019/02/05,314629.7002134323,39911.589920043945,32554.77133655548,6508.805058479309,54136.96562576294,5456.04656791687,22295.96918106079,2010.2298021316528,41364.391184806824,7670.554012298584,29393.16142463684,3534.983386993408,17777.363117218018,2584.42489528656,39231.35542297363,4183.852306365967,18000.632533073425,1805.4155740737915,28604.463541030884,3494.1744480133057,31270.626846313477,2663.103868484497
2019/02/04,255285.1399307251,30314.187066078186,30645.31233882904,5370.218783378601,36454.258768081665,3779.0267877578735,20209.591599464417,1222.8244647979736,37935.68873023987,5620.993667602539,25460.604773521423,2516.48566532135,11929.379459381104,1232.8330068588257,31773.505805015564,3228.7465600967407,12313.341472625732,2449.2247829437256,31163.68517589569,2966.678924560547,17399.771807670593,1927.1544227600098
2019/02/03,153854.77139663696,19127.49339389801,20318.272806167603,3318.691686630249,12789.149702072144,1254.7175941467285,7604.877208709717,1150.3401708602905,17413.231528282166,2640.4382934570312,17651.295397758484,1590.8658361434937,8729.454308509827,449.26987648010254,34501.50603675842,5124.88311290741,7698.232657432556,809.0403709411621,14551.863166809082,907.9297218322754,12596.888584136963,1881.3167304992676
2019/02/02,286291.8870315552,37098.206823349,24618.41320323944,7195.51717376709,51235.97461605072,4547.935767173767,17407.672156333923,1990.0945148468018,41291.75259780884,9066.042751312256,22930.370882987976,1564.457106590271,19682.02906894684,1786.9110975265503,38065.98477268219,4176.885307312012,22564.30015850067,1573.5267419815063,27691.020793914795,3716.3755617141724,20804.368781089783,1480.4608011245728
2019/02/01,313241.561709404,37075.18259334564,25601.67001914978,4571.163261413574,65631.35038661957,5460.081692695618,22379.888723373413,1915.4724254608154,41465.22563076019,4943.160068511963,24917.988176345825,2450.956157684326,19665.21734046936,1304.4127883911133,33476.33381938934,3623.2566413879395,23319.212511062622,3917.9812393188477,30912.349145889282,3328.2953596115112,25872.325956344604,5560.402958869934
2019/01/31,335671.894241333,36375.94217681885,34597.0032043457,6485.976800918579,61442.69380283356,4511.1086711883545,26179.88336467743,2810.9012384414673,47446.175545692444,7238.369199752808,25725.412572860718,2405.72762298584,21085.324526786804,1649.9168701171875,38091.83854389191,3508.2308406829834,21384.84011745453,2244.947464942932,26319.742367744446,3068.639132499695,33398.98019504547,2452.1243352890015
2019/01/30,328830.6383047104,32454.2776222229,25149.239512443542,4478.2888288497925,71134.49253368378,6352.845121383667,20709.80096435547,1851.2502660751343,44628.62247467041,4892.544491767883,24463.92325401306,3076.9496173858643,20221.928194999695,1661.4619159698486,37933.69235229492,2768.687382698059,25469.295384407043,2322.6961250305176,28808.44030189514,2449.5697164535522,30311.203331947327,2599.9841566085815
2019/01/29,382923.95026397705,45794.4918050766,32151.466033935547,9338.211200714111,69541.5799741745,7299.331919670105,25376.13812637329,2158.3711318969727,63351.05869102478,7814.084397315979,27604.293370246887,3637.613477706909,20373.958664894104,1570.4003534317017,48505.60843753815,5194.29213142395,28398.27561855316,3425.9994325637817,28056.735805511475,2616.0691957473755,39564.83554172516,2740.118564605713
2019/01/28,365736.9167356491,51958.06101512909,33127.88995075226,9113.202465057373,61062.95982646942,6232.274722099304,27711.06318473816,2453.9198751449585,59782.76460266113,9848.945607185364,29560.9064617157,3101.9649238586426,17538.766896247864,1676.8457136154175,37460.13747596741,7746.444460868835,27153.46887588501,2995.1015939712524,31823.56918144226,4078.724189758301,40515.3902797699,4710.637463569641
2019/01/27,279748.32183647156,36330.69532585144,22209.410264968872,6791.064683914185,60121.594798088074,6074.383942604065,19001.253664970398,1726.613169670105,34184.964060783386,4634.4476680755615,34585.50193500519,2926.8693313598633,16379.350816726685,945.0393266677856,30121.83292865753,5956.040786743164,15554.981777191162,1601.038411140442,20571.11238002777,2653.6470975875854,27018.31921005249,3021.550908088684
2019/01/26,339472.8887357712,43118.9606924057,30734.764298439026,8762.140154838562,64109.650431632996,7090.0981340408325,27234.14170074463,1805.970687866211,47112.062054634094,5791.76754283905,24041.92648124695,2757.429250717163,14702.33315372467,1518.936619758606,37790.784341812134,5682.839674949646,26302.98302078247,4060.5249700546265,34101.249197006226,3115.7513513565063,33342.994055747986,2533.502305984497
2019/01/25,344621.5479784012,36768.78873825073,31405.083221435547,7401.032651901245,63520.04562473297,5826.864946365356,27139.55763721466,2060.987193107605,50439.32491397858,6207.46436882019,33685.946009635925,2090.2173948287964,13536.174785614014,1043.1396255493164,39851.20403957367,3852.0918159484863,27235.79968547821,2604.6617136001587,29169.216817855835,3210.5736951828003,28639.195242881775,2471.7553329467773
2019/01/24,342378.1324310303,42101.915575027466,36020.58625507355,7685.64143371582,50514.875014305115,7376.329668998718,25311.050530433655,2665.163203239441,52205.80582904816,5937.711530685425,32130.735191345215,2734.3642597198486,17657.194486618042,1572.6067838668823,36851.6060590744,3616.3929195404053,22788.9695520401,2155.3016271591187,38315.620151519775,4981.794152259827,30581.689361572266,3376.60999584198
2019/01/23,270277.7171316147,36884.071875572205,21803.328643798828,5141.541189193726,43812.56801319122,7709.5721979141235,17074.798471450806,2651.143057823181,37658.10120677948,4363.706389427185,27509.128229141235,2481.0402336120605,19375.51347541809,1768.0134191513062,28522.579294204712,4361.814356803894,20044.662182807922,2622.457899093628,29267.86610507965,2630.786855697632,25209.171509742737,3153.9962768554688
2019/01/22,183355.26524162292,21776.151050567627,17039.216939926147,4304.460515975952,19007.409485816956,2121.559821128845,11268.120567321777,857.3660125732422,25127.61391735077,2515.1916246414185,19283.187663078308,2007.0961456298828,9217.540512084961,638.4585447311401,23274.205797195435,4111.192311286926,11751.656015396118,1119.5592250823975,29975.446016311646,2406.49370098114,17410.868327140808,1694.7731485366821
2019/01/21,178287.77437591553,22221.41072368622,16839.541473388672,2930.207013130188,14225.075039863586,1929.3034019470215,10814.376920700073,1059.260277748108,23550.97411632538,3673.385570526123,27830.072224617004,2314.46298122406,12184.331308364868,941.2035875320435,21070.963193893433,3487.253783226013,16977.48691368103,2176.1628370285034,19115.10337162018,2150.5937280654907,15679.849813461304,1559.577543258667
2019/01/20,133618.1544523239,18986.11124229431,17921.414704322815,5836.560305595398,8760.07233428955,882.6427822113037,4342.438067436218,579.5051784515381,12453.729494094849,1465.6586484909058,18125.064297676086,1856.3473873138428,12906.551442146301,699.5834341049194,30781.50103855133,3327.398983001709,11453.912222862244,1734.2843580245972,7816.293294906616,1840.63321018219,9057.177556037903,763.4969549179077
2019/01/19,254518.4410686493,32726.221780776978,28750.128648757935,6677.576286315918,40482.2247467041,5798.790533065796,16293.249180793762,2088.2429571151733,36609.00705051422,5216.1438846588135,31157.139226913452,2435.418755531311,15355.967282295227,908.4287042617798,26980.67610836029,3192.8612127304077,22553.801908493042,2229.814640045166,15993.763070106506,2344.1730880737305,20342.483845710754,1834.7717189788818
2019/01/18,374995.27403736115,41049.62106513977,47762.58395385742,7627.281924247742,60784.07192516327,5032.172251701355,32028.885313987732,3006.655693054199,49949.84658241272,4801.881837844849,33905.630559921265,3398.879175186157,14758.44715976715,1652.7217102050781,33050.68212890625,4637.86994934082,30506.43426513672,2133.9872312545776,34614.51794242859,4237.51277923584,37634.17420578003,4520.658513069153
2019/01/17,262048.8407344818,29800.024936676025,25487.947340011597,4786.6779708862305,44236.53326129913,3910.4851331710815,18344.19013118744,1789.7628469467163,33038.62298488617,4742.611886978149,28546.286540031433,2619.1453523635864,11281.956028938293,1087.1517314910889,31347.18082332611,4231.85982131958,17215.754865646362,1486.5036630630493,26929.98764705658,2490.532670021057,25620.381112098694,2655.293860435486
2019/01/16,317129.1737213135,37810.35822868347,28983.550988197327,6911.386185646057,52736.26909446716,7635.086657524109,26359.220412254333,2093.914394378662,39813.37095737457,4759.291932106018,32120.627374649048,2420.3691120147705,10273.522154808044,1142.6803541183472,34826.47308063507,3307.612371444702,21294.82649230957,2154.6311626434326,42767.11960601807,3453.6439151763916,27954.19356060028,3931.7421436309814
2019/01/15,408214.1603708267,44750.95377445221,37646.138217926025,7901.987494468689,66221.41903114319,7649.381476402283,35371.44770336151,3431.019504547119,60220.044607162476,6331.342092514038,43381.15897369385,3199.056571006775,16196.88162612915,1639.9394626617432,39701.69425582886,3978.0336723327637,25995.306616783142,2416.7684593200684,49629.03064441681,4974.543032646179,33851.038694381714,3228.8820085525513
2019/01/14,362217.88323688507,43501.5020608902,32704.828164100647,6646.358263015747,64844.57604789734,8212.043329238892,28937.210516929626,2775.5635681152344,56326.30571556091,6063.529207229614,31587.925104141235,4112.951570510864,12671.659472465515,1384.8328142166138,30419.09500026703,4713.039256095886,29932.84615802765,3240.901213645935,44166.412702560425,3337.6048460006714,30627.024354934692,3014.6779928207397
2019/01/13,386783.82637119293,51469.447949409485,35340.19863605499,7827.960427284241,74181.438747406,8749.662097930908,30744.34931564331,2830.4660625457764,48855.37378311157,5848.404834747314,39624.2686624527,5616.441879272461,12304.989799499512,1157.1752300262451,38897.591824531555,5925.3264989852905,26411.20202064514,3087.5102910995483,39165.93521785736,5259.855078697205,41258.478363990784,5166.645548820496
2019/01/12,376196.52069950104,47583.31793498993,28099.63045692444,9705.846655845642,69931.55283737183,7669.601580619812,31399.59696483612,3402.704580307007,53785.415081977844,8240.610132217407,38169.17487049103,4351.489999771118,17212.50710582733,954.3118104934692,40452.531222343445,4270.259336471558,23808.388563156128,1670.6039323806763,40888.08601474762,4706.351039886475,32449.637581825256,2611.538866996765
2019/01/11,397911.8410320282,56045.79162693024,37206.828495025635,9339.360104560852,75992.58632183075,5785.227949142456,34364.51087284088,4801.543457984924,62399.88812160492,9744.089506149292,33477.544174194336,7911.80627155304,12860.087623596191,1982.471447944641,40255.77345085144,5094.29559803009,27097.728143692017,3398.3675060272217,37928.5199546814,4803.075761795044,36328.37387371063,3185.554023742676
2019/01/10,361544.3185491562,53366.61159038544,34629.65237903595,8217.258043289185,62242.90048789978,7849.014868736267,28759.526225090027,2742.0707998275757,57585.265023231506,9578.031005859375,38350.600912094116,3521.1979427337646,12453.777584075928,1091.2942943572998,35353.53451728821,5771.390625953674,27446.29988193512,4477.518818855286,35535.30289554596,7099.924519538879,29187.458642959595,3018.910671234131
2019/01/09,339684.9552154541,49136.9819726944,25883.143785476685,6069.074968338013,64667.259404182434,9458.386595726013,32139.302282333374,8191.633304595947,41191.48522090912,6704.474286079407,33379.69937610626,2980.3716773986816,15848.085004806519,1238.3830108642578,35985.55274581909,3502.374647140503,22457.609793663025,3758.7099113464355,31900.80752182007,4283.297819137573,36232.010080337524,2950.275752067566
2019/01/08,320524.3800916672,39686.78440475464,25809.486135482788,6474.879642486572,55961.07073688507,6535.5189962387085,27279.038389205933,3432.2646532058716,45803.59746551514,5024.881156921387,31061.38218975067,2292.4271812438965,17772.673532485962,2131.5730781555176,33127.4149017334,4249.186360359192,20790.52418422699,2304.6826333999634,30981.99020576477,4942.96400642395,31937.202350616455,2298.40669631958
2019/01/07,321560.02833652496,40476.62927532196,24268.056594848633,6799.561408996582,46696.35743045807,5563.5921421051025,27639.67400455475,2710.3661403656006,52195.259320259094,5993.148901939392,32816.11025047302,2957.407669067383,10021.17506313324,1337.5351305007935,37896.94816207886,6120.026882171631,22488.5807056427,2397.649001121521,40299.74603843689,3587.1296854019165,27238.12076663971,3010.2123136520386
2019/01/06,314869.50207042694,52768.96696281433,30984.094354629517,14623.747443199158,55003.62711715698,5937.373387336731,34090.21653461456,2973.2456979751587,43519.139216423035,7731.236067771912,30107.46678161621,3004.585883140564,14131.909339904785,1203.9602909088135,33684.61106491089,7966.2937841415405,17062.610668182373,2358.627462387085,25930.333236694336,3173.3127546310425,30355.49375629425,3796.5841913223267
2019/01/05,299639.464679718,42890.02524185181,26051.71335029602,9925.470546722412,61439.053647994995,6764.861194610596,27673.67383003235,2914.148808479309,41516.60257720947,5732.879590988159,30507.830011367798,3042.5290393829346,12790.876032829285,1117.6872825622559,30823.677706718445,4068.447458267212,17737.329390525818,2373.382843017578,24232.694834709167,3685.891757965088,26866.013298034668,3264.726719856262
2019/01/04,294347.15191555023,46017.12313938141,25819.28870201111,13200.860097885132,54499.1964635849,5411.01772403717,19553.673727035522,2655.553216934204,48996.138407707214,7136.270325660706,24734.679560661316,2646.8261766433716,12004.772599220276,1308.6925373077393,32283.310846328735,4553.3957777023315,25050.595883369446,2413.7586851119995,22536.75877571106,3950.873893737793,28868.736949920654,2739.874704360962
2019/01/03,307112.0462522507,46855.29757022858,26183.796634674072,8719.954497337341,54241.07288169861,5533.286581993103,23034.041553497314,2646.776623725891,43472.88224983215,9638.175716400146,28484.832754135132,2698.1727600097656,13102.722707748413,1446.9993896484375,31288.59877204895,6316.521482467651,25406.65256023407,2488.5586252212524,28118.994744300842,2804.783942222595,33778.451394081116,4562.067951202393
2019/01/02,310126.706404686,45511.582248687744,32920.44824028015,11402.888142585754,59878.604155540466,6345.846910476685,16658.832465171814,2045.908103942871,39440.64324951172,5749.663617134094,25091.785481452942,2798.2741346359253,16266.440908432007,1321.9056644439697,25583.692324638367,3791.296947479248,24058.733823776245,3950.416380882263,35071.530462265015,3795.8171463012695,35155.99529361725,4309.565200805664
2019/01/01,278601.21290302277,53738.17199039459,30676.47435092926,15872.499020576477,56556.48587989807,8269.87260723114,15906.220247268677,3225.8521842956543,30715.59944152832,8031.737597465515,19882.613352775574,3127.63139629364,15979.49404335022,1142.0013523101807,29036.227058410645,4953.443063735962,19765.8573513031,2455.4438581466675,29995.99433040619,3264.879602432251,30086.24684715271,3394.8113079071045
